{
  "_fv": 24,
  "_type": "structure",
  "definition": {
    "structure": "end1_13x25_island3",
    "randomlyRotateStructure": false,
    "surfaceDetectionType": "First block",
    "spawnProbability": 200000,
    "minCountPerChunk": 1,
    "maxCountPerChunk": 1,
    "spawnLocation": "Air",
    "spawnHeightOffset": 0,
    "spawnXOffset": -6,
    "spawnZOffset": -6,
    "spawnWorldTypes": [
      "End"
    ],
    "restrictionBlocks": [],
    "restrictionBiomes": [
      {
        "value": "end_barrens"
      },
      {
        "value": "small_end_islands"
      }
    ],
    "ignoreBlocks": "AIR_AND_STRUCTURE_BLOCK"
  }
}