{
  "_fv": 24,
  "_type": "structure",
  "definition": {
    "structure": "mushroomislands5x9_mushroom",
    "randomlyRotateStructure": false,
    "surfaceDetectionType": "First motion blocking block",
    "spawnProbability": 200000,
    "minCountPerChunk": 1,
    "maxCountPerChunk": 3,
    "spawnLocation": "Ground",
    "spawnHeightOffset": 1,
    "spawnXOffset": -2,
    "spawnZOffset": -2,
    "spawnWorldTypes": [
      "Surface"
    ],
    "restrictionBlocks": [
      {
        "value": "Blocks.MYCELIUM"
      },
      {
        "value": "Blocks.GRASS"
      }
    ],
    "restrictionBiomes": [
      {
        "value": "mushroom_field_shore"
      },
      {
        "value": "mushroom_fields"
      },
      {
        "value": "roofed_forest"
      },
      {
        "value": "mutated_roofed_forest"
      }
    ],
    "ignoreBlocks": "AIR_AND_STRUCTURE_BLOCK"
  }
}