{
  "_fv": 24,
  "_type": "structure",
  "definition": {
    "structure": "mushroomislands_1x2_smallmushroom1",
    "randomlyRotateStructure": false,
    "surfaceDetectionType": "First motion blocking block",
    "spawnProbability": 500000,
    "minCountPerChunk": 6,
    "maxCountPerChunk": 16,
    "spawnLocation": "Ground",
    "spawnHeightOffset": 1,
    "spawnXOffset": 0,
    "spawnZOffset": 0,
    "spawnWorldTypes": [
      "Surface"
    ],
    "restrictionBlocks": [
      {
        "value": "Blocks.MYCELIUM"
      },
      {
        "value": "Blocks.GRASS"
      }
    ],
    "restrictionBiomes": [
      {
        "value": "mushroom_field_shore"
      },
      {
        "value": "mushroom_fields"
      },
      {
        "value": "roofed_forest"
      },
      {
        "value": "mutated_roofed_forest"
      }
    ],
    "ignoreBlocks": "AIR_AND_STRUCTURE_BLOCK"
  }
}