{
  "_fv": 24,
  "_type": "structure",
  "definition": {
    "structure": "swamp1x1_cobble",
    "randomlyRotateStructure": false,
    "surfaceDetectionType": "First motion blocking block",
    "spawnProbability": 1000000,
    "minCountPerChunk": 3,
    "maxCountPerChunk": 16,
    "spawnLocation": "Ground",
    "spawnHeightOffset": 0,
    "spawnXOffset": 0,
    "spawnZOffset": 0,
    "spawnWorldTypes": [
      "Surface"
    ],
    "restrictionBlocks": [
      {
        "value": "Blocks.GRASS"
      },
      {
        "value": "Blocks.DIRT#0"
      }
    ],
    "restrictionBiomes": [
      {
        "value": "swamp"
      },
      {
        "value": "mutated_swampland"
      }
    ],
    "ignoreBlocks": "AIR_AND_STRUCTURE_BLOCK"
  }
}