{
  "_fv": 24,
  "_type": "structure",
  "definition": {
    "structure": "badlands7x9_pinetreesmall",
    "randomlyRotateStructure": false,
    "surfaceDetectionType": "First motion blocking block",
    "spawnProbability": 100000,
    "minCountPerChunk": 13,
    "maxCountPerChunk": 16,
    "spawnLocation": "Ground",
    "spawnHeightOffset": 1,
    "spawnXOffset": -3,
    "spawnZOffset": -3,
    "spawnWorldTypes": [
      "Surface"
    ],
    "restrictionBlocks": [
      {
        "value": "Blocks.SAND#1"
      },
      {
        "value": "Blocks.DIRT#1"
      },
      {
        "value": "Blocks.STAINED_HARDENED_CLAY#0"
      },
      {
        "value": "Blocks.STAINED_HARDENED_CLAY#1"
      }
    ],
    "restrictionBiomes": [
      {
        "value": "badlands"
      },
      {
        "value": "mutated_mesa"
      },
      {
        "value": "mutated_mesa_rock"
      },
      {
        "value": "wooded_badlands_plateau"
      }
    ],
    "ignoreBlocks": "AIR_AND_STRUCTURE_BLOCK"
  }
}