{
  "_fv": 24,
  "_type": "structure",
  "definition": {
    "structure": "desert-1x-1_rocksmall",
    "randomlyRotateStructure": true,
    "surfaceDetectionType": "First motion blocking block",
    "spawnProbability": 300000,
    "minCountPerChunk": 1,
    "maxCountPerChunk": 16,
    "spawnLocation": "Ground",
    "spawnHeightOffset": 0,
    "spawnXOffset": 0,
    "spawnZOffset": 0,
    "spawnWorldTypes": [
      "Surface"
    ],
    "restrictionBlocks": [
      {
        "value": "Blocks.SAND#0"
      }
    ],
    "restrictionBiomes": [
      {
        "value": "desert"
      },
      {
        "value": "desert_hills"
      },
      {
        "value": "mutated_desert"
      }
    ],
    "ignoreBlocks": "AIR_AND_STRUCTURE_BLOCK"
  }
}