{
  "_fv": 24,
  "_type": "structure",
  "definition": {
    "structure": "end2_16x25_treegiant3",
    "randomlyRotateStructure": true,
    "surfaceDetectionType": "First motion blocking block",
    "spawnProbability": 100000,
    "minCountPerChunk": 1,
    "maxCountPerChunk": 9,
    "spawnLocation": "Ground",
    "spawnHeightOffset": -3,
    "spawnXOffset": 0,
    "spawnZOffset": 0,
    "spawnWorldTypes": [
      "End"
    ],
    "restrictionBlocks": [
      {
        "value": "Blocks.END_STONE"
      }
    ],
    "restrictionBiomes": [
      {
        "value": "end_midlands"
      }
    ],
    "ignoreBlocks": "AIR_AND_STRUCTURE_BLOCK"
  }
}