{
  "_fv": 24,
  "_type": "structure",
  "definition": {
    "structure": "mushroomislands_1x1_gravel",
    "randomlyRotateStructure": false,
    "surfaceDetectionType": "First motion blocking block",
    "spawnProbability": 300000,
    "minCountPerChunk": 15,
    "maxCountPerChunk": 16,
    "spawnLocation": "Ground",
    "spawnHeightOffset": 0,
    "spawnXOffset": 0,
    "spawnZOffset": 0,
    "spawnWorldTypes": [
      "Surface"
    ],
    "restrictionBlocks": [
      {
        "value": "Blocks.MYCELIUM"
      }
    ],
    "restrictionBiomes": [
      {
        "value": "mushroom_field_shore"
      },
      {
        "value": "mushroom_fields"
      }
    ],
    "ignoreBlocks": "AIR_AND_STRUCTURE_BLOCK"
  }
}