{
  "_fv": 24,
  "_type": "structure",
  "definition": {
    "structure": "savanna7x7_savannatree2",
    "randomlyRotateStructure": false,
    "surfaceDetectionType": "First motion blocking block",
    "spawnProbability": 200000,
    "minCountPerChunk": 1,
    "maxCountPerChunk": 2,
    "spawnLocation": "Ground",
    "spawnHeightOffset": 1,
    "spawnXOffset": -3,
    "spawnZOffset": -3,
    "spawnWorldTypes": [
      "Surface"
    ],
    "restrictionBlocks": [
      {
        "value": "Blocks.GRASS"
      },
      {
        "value": "Blocks.GRASS_PATH"
      },
      {
        "value": "Blocks.DIRT#1"
      }
    ],
    "restrictionBiomes": [
      {
        "value": "savanna"
      },
      {
        "value": "savanna_rock"
      },
      {
        "value": "mutated_savanna"
      },
      {
        "value": "mutated_savanna_rock"
      }
    ],
    "ignoreBlocks": "AIR_AND_STRUCTURE_BLOCK"
  }
}