{
  "_fv": 24,
  "_type": "structure",
  "definition": {
    "structure": "desert5x5_cactusbig3",
    "randomlyRotateStructure": false,
    "surfaceDetectionType": "First motion blocking block",
    "spawnProbability": 100000,
    "minCountPerChunk": 1,
    "maxCountPerChunk": 1,
    "spawnLocation": "Ground",
    "spawnHeightOffset": 1,
    "spawnXOffset": -2,
    "spawnZOffset": -2,
    "spawnWorldTypes": [
      "Surface"
    ],
    "restrictionBlocks": [
      {
        "value": "Blocks.SAND#0"
      },
      {
        "value": "Blocks.SAND#1"
      },
      {
        "value": "Blocks.DIRT#1"
      }
    ],
    "restrictionBiomes": [
      {
        "value": "desert"
      },
      {
        "value": "desert_hills"
      },
      {
        "value": "mutated_desert"
      },
      {
        "value": "badlands"
      },
      {
        "value": "badlands_plateau"
      },
      {
        "value": "wooded_badlands_plateau"
      },
      {
        "value": "mutated_mesa"
      },
      {
        "value": "mutated_mesa_clear_rock"
      }
    ],
    "ignoreBlocks": "AIR_AND_STRUCTURE_BLOCK"
  }
}