{
  "_fv": 24,
  "_type": "structure",
  "definition": {
    "structure": "plains3x7_smalltree",
    "randomlyRotateStructure": false,
    "surfaceDetectionType": "First motion blocking block",
    "spawnProbability": 100000,
    "minCountPerChunk": 1,
    "maxCountPerChunk": 10,
    "spawnLocation": "Ground",
    "spawnHeightOffset": 1,
    "spawnXOffset": -1,
    "spawnZOffset": -1,
    "spawnWorldTypes": [
      "Surface"
    ],
    "restrictionBlocks": [
      {
        "value": "Blocks.GRASS"
      }
    ],
    "restrictionBiomes": [
      {
        "value": "plains"
      },
      {
        "value": "mutated_forest"
      },
      {
        "value": "forest"
      },
      {
        "value": "forest_hills"
      },
      {
        "value": "mutated_plains"
      }
    ],
    "ignoreBlocks": "AIR_AND_STRUCTURE_BLOCK"
  }
}