{
  "_fv": 24,
  "_type": "structure",
  "definition": {
    "structure": "plains-1x-1_rock2",
    "randomlyRotateStructure": false,
    "surfaceDetectionType": "First motion blocking block",
    "spawnProbability": 300000,
    "minCountPerChunk": 1,
    "maxCountPerChunk": 16,
    "spawnLocation": "Ground",
    "spawnHeightOffset": 0,
    "spawnXOffset": 0,
    "spawnZOffset": 0,
    "spawnWorldTypes": [
      "Surface"
    ],
    "restrictionBlocks": [
      {
        "value": "Blocks.GRASS"
      },
      {
        "value": "Blocks.DIRT#2"
      }
    ],
    "restrictionBiomes": [
      {
        "value": "plains"
      },
      {
        "value": "mutated_forest"
      },
      {
        "value": "forest"
      },
      {
        "value": "forest_hills"
      },
      {
        "value": "birch_forest"
      },
      {
        "value": "birch_forest_hills"
      },
      {
        "value": "mutated_redwood_taiga"
      },
      {
        "value": "mutated_redwood_taiga_hills"
      },
      {
        "value": "redwood_taiga"
      },
      {
        "value": "redwood_taiga_hills"
      },
      {
        "value": "taiga_cold"
      },
      {
        "value": "taiga_cold_hills"
      },
      {
        "value": "mutated_taiga_cold"
      },
      {
        "value": "taiga"
      },
      {
        "value": "taiga_hills"
      },
      {
        "value": "mutated_taiga"
      },
      {
        "value": "mutated_plains"
      }
    ],
    "ignoreBlocks": "AIR_AND_STRUCTURE_BLOCK"
  }
}