{
  "_fv": 24,
  "_type": "structure",
  "definition": {
    "structure": "plains-1x-1_rock",
    "randomlyRotateStructure": false,
    "surfaceDetectionType": "First motion blocking block",
    "spawnProbability": 1000000,
    "minCountPerChunk": 1,
    "maxCountPerChunk": 16,
    "spawnLocation": "Underground",
    "spawnHeightOffset": 0,
    "spawnXOffset": 0,
    "spawnZOffset": 0,
    "spawnWorldTypes": [
      "Surface"
    ],
    "restrictionBlocks": [
      {
        "value": "Blocks.STONE#0"
      }
    ],
    "restrictionBiomes": [
      {
        "value": "plains"
      },
      {
        "value": "mutated_forest"
      },
      {
        "value": "forest"
      },
      {
        "value": "forest_hills"
      }
    ],
    "ignoreBlocks": "AIR_AND_STRUCTURE_BLOCK"
  }
}