{
  "_fv": 24,
  "_type": "structure",
  "definition": {
    "structure": "darkoak32x42_giantdarkoak2",
    "randomlyRotateStructure": false,
    "surfaceDetectionType": "First motion blocking block",
    "spawnProbability": 300000,
    "minCountPerChunk": 1,
    "maxCountPerChunk": 1,
    "spawnLocation": "Ground",
    "spawnHeightOffset": -2,
    "spawnXOffset": -16,
    "spawnZOffset": -16,
    "spawnWorldTypes": [
      "Surface"
    ],
    "restrictionBlocks": [
      {
        "value": "Blocks.GRASS"
      }
    ],
    "restrictionBiomes": [
      {
        "value": "roofed_forest"
      },
      {
        "value": "mutated_roofed_forest"
      }
    ],
    "ignoreBlocks": "AIR_AND_STRUCTURE_BLOCK"
  }
}