{
  "_fv": 24,
  "_type": "structure",
  "definition": {
    "structure": "end_3x3_bush",
    "randomlyRotateStructure": true,
    "surfaceDetectionType": "First motion blocking block",
    "spawnProbability": 300000,
    "minCountPerChunk": 1,
    "maxCountPerChunk": 14,
    "spawnLocation": "Ground",
    "spawnHeightOffset": 1,
    "spawnXOffset": -1,
    "spawnZOffset": -1,
    "spawnWorldTypes": [
      "End"
    ],
    "restrictionBlocks": [
      {
        "value": "Blocks.END_STONE"
      }
    ],
    "restrictionBiomes": [
      {
        "value": "end_midlands"
      }
    ],
    "ignoreBlocks": "AIR_AND_STRUCTURE_BLOCK"
  }
}