{
  "_fv": 24,
  "_type": "structure",
  "definition": {
    "structure": "end2_15x25_giantfern2",
    "randomlyRotateStructure": true,
    "surfaceDetectionType": "First motion blocking block",
    "spawnProbability": 100000,
    "minCountPerChunk": 1,
    "maxCountPerChunk": 16,
    "spawnLocation": "Ground",
    "spawnHeightOffset": -4,
    "spawnXOffset": -7,
    "spawnZOffset": -7,
    "spawnWorldTypes": [
      "End"
    ],
    "restrictionBlocks": [
      {
        "value": "Blocks.END_STONE"
      }
    ],
    "restrictionBiomes": [
      {
        "value": "end_midlands"
      }
    ],
    "ignoreBlocks": "AIR_AND_STRUCTURE_BLOCK"
  }
}