{
  "_fv": 24,
  "_type": "structure",
  "definition": {
    "structure": "badlands1x1_grass2",
    "randomlyRotateStructure": false,
    "surfaceDetectionType": "First motion blocking block",
    "spawnProbability": 400000,
    "minCountPerChunk": 5,
    "maxCountPerChunk": 16,
    "spawnLocation": "Ground",
    "spawnHeightOffset": 0,
    "spawnXOffset": 0,
    "spawnZOffset": 0,
    "spawnWorldTypes": [
      "Surface"
    ],
    "restrictionBlocks": [
      {
        "value": "Blocks.SAND#1"
      },
      {
        "value": "Blocks.DIRT#1"
      },
      {
        "value": "Blocks.STAINED_HARDENED_CLAY#0"
      },
      {
        "value": "Blocks.STAINED_HARDENED_CLAY#1"
      }
    ],
    "restrictionBiomes": [
      {
        "value": "badlands"
      },
      {
        "value": "badlands_plateau"
      },
      {
        "value": "mutated_mesa"
      },
      {
        "value": "mutated_mesa_rock"
      },
      {
        "value": "wooded_badlands_plateau"
      }
    ],
    "ignoreBlocks": "AIR_AND_STRUCTURE_BLOCK"
  }
}