{
  "_fv": 24,
  "_type": "structure",
  "definition": {
    "structure": "end_1x1_ground1",
    "randomlyRotateStructure": false,
    "surfaceDetectionType": "First block",
    "spawnProbability": 1000000,
    "minCountPerChunk": 16,
    "maxCountPerChunk": 16,
    "spawnLocation": "Ground",
    "spawnHeightOffset": 0,
    "spawnXOffset": 0,
    "spawnZOffset": 0,
    "spawnWorldTypes": [
      "End"
    ],
    "restrictionBlocks": [
      {
        "value": "Blocks.END_STONE"
      }
    ],
    "restrictionBiomes": [
      {
        "value": "end_highlands"
      }
    ],
    "ignoreBlocks": "AIR_AND_STRUCTURE_BLOCK"
  }
}