{
  "credit": "Made with Blockbench",
  "ambientocclusion": false,
  "texture_size": [
    32,
    16
  ],
  "elements": [
    {
      "from": [
        0,
        0,
        0
      ],
      "to": [
        16,
        8,
        16
      ],
      "faces": {
        "north": {
          "uv": [
            0,
            0,
            8,
            8
          ],
          "texture": "#0"
        },
        "east": {
          "uv": [
            0,
            0,
            8,
            8
          ],
          "texture": "#0"
        },
        "south": {
          "uv": [
            0,
            0,
            8,
            8
          ],
          "texture": "#0"
        },
        "west": {
          "uv": [
            0,
            0,
            8,
            8
          ],
          "texture": "#0"
        },
        "up": {
          "uv": [
            0,
            0,
            8,
            16
          ],
          "texture": "#0"
        },
        "down": {
          "uv": [
            8,
            0,
            16,
            16
          ],
          "texture": "#0"
        }
      }
    }
  ]
}